{"pose0_position": {"low": [0.25, -0.5], "high": [0.75, 0.5]}, "pose0_rotation": {"low": [-1.0, -1.0, -1.0, -1.0], "high": [1.0, 1.0, 1.0, 1.0]}, "pose1_position": {"low": [0.25, -0.5], "high": [0.75, 0.5]}, "pose1_rotation": {"low": [-1.0, -1.0, -1.0, -1.0], "high": [1.0, 1.0, 1.0, 1.0]}}
{"pose0_position": [0.4099999964237213, -0.15000000596046448], "pose0_rotation": [0.0, 0.0, 0.0, 0.9600000381469727], "pose1_position": [0.3700000047683716, 0.36000001430511475], "pose1_rotation": [0.0, 0.0, 0.9600000381469727, -0.24000000953674316]}